"data_interesse";"iddocumento"
"2019-01-01";"28.0"
"2019-01-02";"184.0"
"2019-01-03";"299.0"
"2019-01-04";"161.0"
"2019-01-05";"36.0"
"2019-01-06";"19.0"
"2019-01-07";"317.0"
"2019-01-08";"262.0"
"2019-01-09";"249.0"
"2019-01-10";"286.0"
"2019-01-11";"208.0"
"2019-01-12";"13.0"
"2019-01-13";"16.0"
"2019-01-14";"296.0"
"2019-01-15";"366.0"
"2019-01-16";"280.0"
"2019-01-17";"276.0"
"2019-01-18";"292.0"
"2019-01-19";"8.0"
"2019-01-20";"17.0"
"2019-01-21";"391.0"
"2019-01-22";"290.0"
"2019-01-23";"232.0"
"2019-01-24";"237.0"
"2019-01-25";"253.0"
"2019-01-26";"7.0"
"2019-01-27";"1.0"
"2019-01-28";"285.0"
"2019-01-29";"449.0"
"2019-01-30";"393.0"
"2019-01-31";"365.0"
"2019-02-01";"226.0"
"2019-02-02";"12.0"
"2019-02-03";"10.0"
"2019-02-04";"339.0"
"2019-02-05";"274.0"
"2019-02-06";"344.0"
"2019-02-07";"418.0"
"2019-02-08";"280.0"
"2019-02-09";"37.0"
"2019-02-10";"4.0"
"2019-02-11";"338.0"
"2019-02-12";"325.0"
"2019-02-13";"337.0"
"2019-02-14";"307.0"
"2019-02-15";"312.0"
"2019-02-16";"0.0"
"2019-02-17";"22.0"
"2019-02-18";"349.0"
"2019-02-19";"291.0"
"2019-02-20";"236.0"
"2019-02-21";"311.0"
"2019-02-22";"288.0"
"2019-02-23";"7.0"
"2019-02-24";"4.0"
"2019-02-25";"452.0"
"2019-02-26";"370.0"
"2019-02-27";"246.0"
"2019-02-28";"310.0"
"2019-03-01";"254.0"
"2019-03-02";"14.0"
"2019-03-03";"48.0"
"2019-03-04";"13.0"
"2019-03-05";"36.0"
"2019-03-06";"314.0"
"2019-03-07";"299.0"
"2019-03-08";"271.0"
"2019-03-09";"3.0"
"2019-03-10";"8.0"
"2019-03-11";"308.0"
"2019-03-12";"331.0"
"2019-03-13";"266.0"
"2019-03-14";"232.0"
"2019-03-15";"256.0"
"2019-03-16";"9.0"
"2019-03-17";"9.0"
"2019-03-18";"280.0"
"2019-03-19";"289.0"
"2019-03-20";"348.0"
"2019-03-21";"318.0"
"2019-03-22";"297.0"
"2019-03-23";"6.0"
"2019-03-24";"12.0"
"2019-03-25";"273.0"
"2019-03-26";"250.0"
"2019-03-27";"247.0"
"2019-03-28";"264.0"
"2019-03-29";"234.0"
"2019-03-30";"8.0"
"2019-03-31";"6.0"
"2019-04-01";"288.0"
"2019-04-02";"290.0"
"2019-04-03";"428.0"
"2019-04-04";"222.0"
"2019-04-05";"209.0"
"2019-04-06";"16.0"
"2019-04-07";"6.0"
"2019-04-08";"289.0"
"2019-04-09";"288.0"
"2019-04-10";"356.0"
"2019-04-11";"237.0"
"2019-04-12";"273.0"
"2019-04-13";"19.0"
"2019-04-14";"13.0"
"2019-04-15";"303.0"
"2019-04-16";"484.0"
"2019-04-17";"320.0"
"2019-04-18";"19.0"
"2019-04-19";"21.0"
"2019-04-20";"7.0"
"2019-04-21";"2.0"
"2019-04-22";"317.0"
"2019-04-23";"247.0"
"2019-04-24";"297.0"
"2019-04-25";"198.0"
"2019-04-26";"367.0"
"2019-04-27";"21.0"
"2019-04-28";"13.0"
"2019-04-29";"268.0"
"2019-04-30";"378.0"
"2019-05-01";"11.0"
"2019-05-02";"365.0"
"2019-05-03";"268.0"
"2019-05-04";"26.0"
"2019-05-05";"12.0"
"2019-05-06";"350.0"
"2019-05-07";"329.0"
"2019-05-08";"517.0"
"2019-05-09";"243.0"
"2019-05-10";"213.0"
"2019-05-11";"6.0"
"2019-05-12";"13.0"
"2019-05-13";"334.0"
"2019-05-14";"360.0"
"2019-05-15";"292.0"
"2019-05-16";"315.0"
"2019-05-17";"434.0"
"2019-05-18";"17.0"
"2019-05-19";"9.0"
"2019-05-20";"292.0"
"2019-05-21";"291.0"
"2019-05-22";"299.0"
"2019-05-23";"296.0"
"2019-05-24";"276.0"
"2019-05-25";"13.0"
"2019-05-26";"13.0"
"2019-05-27";"351.0"
"2019-05-28";"402.0"
"2019-05-29";"326.0"
"2019-05-30";"229.0"
"2019-05-31";"262.0"
"2019-06-01";"32.0"
"2019-06-02";"73.0"
"2019-06-03";"322.0"
"2019-06-04";"273.0"
"2019-06-05";"274.0"
"2019-06-06";"276.0"
"2019-06-07";"243.0"
"2019-06-08";"4.0"
"2019-06-09";"9.0"
"2019-06-10";"90.0"
"2019-06-11";"136.0"
"2019-06-12";"197.0"
"2019-06-13";"156.0"
"2019-06-14";"1696.0"
"2019-06-15";"2.0"
"2019-06-16";"5.0"
"2019-06-17";"126.0"
"2019-06-18";"282.0"
"2019-06-19";"293.0"
"2019-06-20";"19.0"
"2019-06-21";"9.0"
"2019-06-22";"10.0"
"2019-06-23";"9.0"
"2019-06-24";"269.0"
"2019-06-25";"224.0"
"2019-06-26";"160.0"
"2019-06-27";"201.0"
"2019-06-28";"421.0"
"2019-06-29";"40.0"
"2019-06-30";"33.0"
"2019-07-01";"267.0"
"2019-07-02";"339.0"
"2019-07-03";"332.0"
"2019-07-04";"201.0"
"2019-07-05";"296.0"
"2019-07-06";"67.0"
"2019-07-07";"1.0"
"2019-07-08";"297.0"
"2019-07-09";"256.0"
"2019-07-10";"258.0"
"2019-07-11";"259.0"
"2019-07-12";"279.0"
"2019-07-13";"16.0"
"2019-07-14";"21.0"
"2019-07-15";"335.0"
"2019-07-16";"208.0"
"2019-07-17";"249.0"
"2019-07-18";"308.0"
"2019-07-19";"233.0"
"2019-07-20";"9.0"
"2019-07-21";"19.0"
"2019-07-22";"1187.0"
"2019-07-23";"207.0"
"2019-07-24";"216.0"
"2019-07-25";"297.0"
"2019-07-26";"281.0"
"2019-07-27";"19.0"
"2019-07-28";"7.0"
"2019-07-29";"307.0"
"2019-07-30";"305.0"
"2019-07-31";"381.0"
"2019-08-01";"245.0"
"2019-08-02";"260.0"
"2019-08-03";"98.0"
"2019-08-04";"35.0"
"2019-08-05";"375.0"
"2019-08-06";"300.0"
"2019-08-07";"343.0"
"2019-08-08";"243.0"
"2019-08-09";"274.0"
"2019-08-10";"82.0"
"2019-08-11";"28.0"
"2019-08-12";"310.0"
"2019-08-13";"298.0"
"2019-08-14";"310.0"
"2019-08-15";"307.0"
"2019-08-16";"315.0"
"2019-08-17";"25.0"
"2019-08-18";"30.0"
"2019-08-19";"430.0"
"2019-08-20";"302.0"
"2019-08-21";"234.0"
"2019-08-22";"232.0"
"2019-08-23";"378.0"
"2019-08-24";"20.0"
"2019-08-25";"9.0"
"2019-08-26";"474.0"
"2019-08-27";"387.0"
"2019-08-28";"340.0"
"2019-08-29";"308.0"
"2019-08-30";"568.0"
"2019-08-31";"31.0"
"2019-09-01";"11.0"
"2019-09-02";"370.0"
"2019-09-03";"277.0"
"2019-09-04";"273.0"
"2019-09-05";"341.0"
"2019-09-06";"289.0"
"2019-09-07";"18.0"
"2019-09-08";"50.0"
"2019-09-09";"502.0"
"2019-09-10";"402.0"
"2019-09-11";"345.0"
"2019-09-12";"339.0"
"2019-09-13";"340.0"
"2019-09-14";"18.0"
"2019-09-15";"12.0"
"2019-09-16";"396.0"
"2019-09-17";"383.0"
"2019-09-18";"371.0"
"2019-09-19";"274.0"
"2019-09-20";"404.0"
"2019-09-21";"10.0"
"2019-09-22";"29.0"
"2019-09-23";"466.0"
"2019-09-24";"373.0"
"2019-09-25";"411.0"
"2019-09-26";"335.0"
"2019-09-27";"315.0"
"2019-09-28";"28.0"
"2019-09-29";"4.0"
"2019-09-30";"357.0"
"2019-10-01";"302.0"
"2019-10-02";"302.0"
"2019-10-03";"336.0"
"2019-10-04";"283.0"
"2019-10-05";"6.0"
"2019-10-06";"26.0"
"2019-10-07";"326.0"
"2019-10-08";"312.0"
"2019-10-09";"346.0"
"2019-10-10";"343.0"
"2019-10-11";"234.0"
"2019-10-12";"15.0"
"2019-10-13";"20.0"
"2019-10-14";"367.0"
"2019-10-15";"333.0"
"2019-10-16";"281.0"
"2019-10-17";"305.0"
"2019-10-18";"331.0"
"2019-10-19";"47.0"
"2019-10-20";"33.0"
"2019-10-21";"364.0"
"2019-10-22";"405.0"
"2019-10-23";"332.0"
"2019-10-24";"258.0"
"2019-10-25";"306.0"
"2019-10-26";"51.0"
"2019-10-27";"56.0"
"2019-10-28";"66.0"
"2019-10-29";"372.0"
"2019-10-30";"326.0"
"2019-10-31";"337.0"
"2019-11-01";"255.0"
"2019-11-02";"30.0"
"2019-11-03";"17.0"
"2019-11-04";"373.0"
"2019-11-05";"366.0"
"2019-11-06";"244.0"
"2019-11-07";"354.0"
"2019-11-08";"327.0"
"2019-11-09";"27.0"
"2019-11-10";"60.0"
"2019-11-11";"289.0"
"2019-11-12";"358.0"
"2019-11-13";"344.0"
"2019-11-14";"365.0"
"2019-11-15";"13.0"
"2019-11-16";"3.0"
"2019-11-17";"41.0"
"2019-11-18";"386.0"
"2019-11-19";"426.0"
"2019-11-20";"315.0"
"2019-11-21";"375.0"
"2019-11-22";"278.0"
"2019-11-23";"50.0"
"2019-11-24";"19.0"
"2019-11-25";"348.0"
"2019-11-26";"334.0"
"2019-11-27";"324.0"
"2019-11-28";"255.0"
"2019-11-29";"307.0"
"2019-11-30";"57.0"
"2019-12-01";"39.0"
"2019-12-02";"396.0"
"2019-12-03";"357.0"
"2019-12-04";"336.0"
"2019-12-05";"327.0"
"2019-12-06";"271.0"
"2019-12-07";"12.0"
"2019-12-08";"23.0"
"2019-12-09";"449.0"
"2019-12-10";"387.0"
"2019-12-11";"391.0"
"2019-12-12";"334.0"
"2019-12-13";"388.0"
"2019-12-14";"24.0"
"2019-12-15";"41.0"
"2019-12-16";"481.0"
"2019-12-17";"428.0"
"2019-12-18";"339.0"
"2019-12-19";"353.0"
"2019-12-20";"433.0"
"2019-12-21";"62.0"
"2019-12-22";"47.0"
"2019-12-23";"153.0"
"2019-12-24";"19.0"
"2019-12-25";"23.0"
"2019-12-26";"187.0"
"2019-12-27";"134.0"
"2019-12-28";"44.0"
"2019-12-29";"38.0"
"2019-12-30";"122.0"
"2019-12-31";"40.0"
"2020-01-01";"34.0"
"2020-01-02";"305.0"
"2020-01-03";"312.0"
"2020-01-04";"26.0"
"2020-01-05";"41.0"
"2020-01-06";"373.0"
"2020-01-07";"364.0"
"2020-01-08";"361.0"
"2020-01-09";"368.0"
"2020-01-10";"283.0"
"2020-01-11";"18.0"
"2020-01-12";"19.0"
"2020-01-13";"483.0"
"2020-01-14";"357.0"
"2020-01-15";"324.0"
"2020-01-16";"313.0"
"2020-01-17";"334.0"
"2020-01-18";"45.0"
"2020-01-19";"24.0"
"2020-01-20";"459.0"
"2020-01-21";"416.0"
"2020-01-22";"362.0"
"2020-01-23";"375.0"
"2020-01-24";"377.0"
"2020-01-25";"16.0"
"2020-01-26";"23.0"
"2020-01-27";"517.0"
"2020-01-28";"383.0"
"2020-01-29";"304.0"
"2020-01-30";"332.0"
"2020-01-31";"402.0"
"2020-02-01";"10.0"
"2020-02-02";"20.0"
"2020-02-03";"493.0"
"2020-02-04";"380.0"
"2020-02-05";"363.0"
"2020-02-06";"294.0"
"2020-02-07";"403.0"
"2020-02-08";"27.0"
"2020-02-09";"17.0"
"2020-02-10";"485.0"
"2020-02-11";"451.0"
"2020-02-12";"368.0"
"2020-02-13";"345.0"
"2020-02-14";"392.0"
"2020-02-15";"69.0"
"2020-02-16";"40.0"
"2020-02-17";"411.0"
"2020-02-18";"426.0"
"2020-02-19";"392.0"
"2020-02-20";"473.0"
"2020-02-21";"352.0"
"2020-02-22";"19.0"
"2020-02-23";"36.0"
"2020-02-24";"50.0"
"2020-02-25";"84.0"
"2020-02-26";"347.0"
"2020-02-27";"418.0"
"2020-02-28";"423.0"
"2020-02-29";"29.0"
"2020-03-01";"32.0"
"2020-03-02";"472.0"
"2020-03-03";"444.0"
"2020-03-04";"381.0"
"2020-03-05";"371.0"
"2020-03-06";"320.0"
"2020-03-07";"48.0"
"2020-03-08";"13.0"
"2020-03-09";"405.0"
"2020-03-10";"415.0"
"2020-03-11";"496.0"
"2020-03-12";"353.0"
"2020-03-13";"365.0"
"2020-03-14";"46.0"
"2020-03-15";"42.0"
"2020-03-16";"422.0"
"2020-03-17";"472.0"
"2020-03-18";"113.0"
"2020-03-19";"90.0"
"2020-03-20";"78.0"
"2020-03-21";"18.0"
"2020-03-22";"33.0"
"2020-03-23";"122.0"
"2020-03-24";"164.0"
"2020-03-25";"105.0"
"2020-03-26";"146.0"
"2020-03-27";"111.0"
"2020-03-28";"34.0"
"2020-03-29";"36.0"
"2020-03-30";"189.0"
"2020-03-31";"225.0"
"2020-04-01";"197.0"
"2020-04-02";"269.0"
"2020-04-03";"293.0"
"2020-04-04";"22.0"
"2020-04-05";"16.0"
"2020-04-06";"228.0"
"2020-04-07";"329.0"
"2020-04-08";"302.0"
"2020-04-09";"45.0"
"2020-04-10";"33.0"
"2020-04-11";"22.0"
"2020-04-12";"35.0"
"2020-04-13";"350.0"
"2020-04-14";"262.0"
"2020-04-15";"314.0"
"2020-04-16";"277.0"
"2020-04-17";"222.0"
"2020-04-18";"37.0"
"2020-04-19";"46.0"
"2020-04-20";"340.0"
"2020-04-21";"31.0"
"2020-04-22";"320.0"
"2020-04-23";"367.0"
"2020-04-24";"221.0"
"2020-04-25";"51.0"
"2020-04-26";"23.0"
"2020-04-27";"335.0"
"2020-04-28";"250.0"
"2020-04-29";"268.0"
"2020-04-30";"299.0"
"2020-05-01";"51.0"
"2020-05-02";"20.0"
"2020-05-03";"25.0"
"2020-05-04";"299.0"
"2020-05-05";"509.0"
"2020-05-06";"302.0"
"2020-05-07";"303.0"
"2020-05-08";"320.0"
"2020-05-09";"46.0"
"2020-05-10";"20.0"
"2020-05-11";"456.0"
"2020-05-12";"358.0"
"2020-05-13";"405.0"
"2020-05-14";"352.0"
"2020-05-15";"258.0"
"2020-05-16";"28.0"
"2020-05-17";"62.0"
"2020-05-18";"286.0"
"2020-05-19";"336.0"
"2020-05-20";"332.0"
"2020-05-21";"372.0"
"2020-05-22";"379.0"
"2020-05-23";"21.0"
"2020-05-24";"27.0"
"2020-05-25";"376.0"
"2020-05-26";"336.0"
"2020-05-27";"372.0"
"2020-05-28";"372.0"
"2020-05-29";"356.0"
"2020-05-30";"38.0"
"2020-05-31";"24.0"
"2020-06-01";"284.0"
"2020-06-02";"330.0"
"2020-06-03";"312.0"
"2020-06-04";"330.0"
"2020-06-05";"246.0"
"2020-06-06";"78.0"
"2020-06-07";"15.0"
"2020-06-08";"359.0"
"2020-06-09";"339.0"
"2020-06-10";"396.0"
"2020-06-11";"35.0"
"2020-06-12";"39.0"
"2020-06-13";"42.0"
"2020-06-14";"24.0"
"2020-06-15";"402.0"
"2020-06-16";"371.0"
"2020-06-17";"378.0"
"2020-06-18";"361.0"
"2020-06-19";"429.0"
"2020-06-20";"20.0"
"2020-06-21";"29.0"
"2020-06-22";"385.0"
"2020-06-23";"463.0"
"2020-06-24";"322.0"
"2020-06-25";"336.0"
"2020-06-26";"400.0"
"2020-06-27";"27.0"
"2020-06-28";"25.0"
"2020-06-29";"387.0"
"2020-06-30";"195.0"
"2020-07-01";"201.0"
"2020-07-02";"261.0"
"2020-07-03";"327.0"
"2020-07-04";"25.0"
"2020-07-05";"32.0"
"2020-07-06";"329.0"
"2020-07-07";"300.0"
"2020-07-08";"316.0"
"2020-07-09";"342.0"
"2020-07-10";"378.0"
"2020-07-11";"17.0"
"2020-07-12";"83.0"
"2020-07-13";"357.0"
"2020-07-14";"222.0"
"2020-07-15";"293.0"
"2020-07-16";"325.0"
"2020-07-17";"330.0"
"2020-07-18";"30.0"
"2020-07-19";"35.0"
"2020-07-20";"306.0"
"2020-07-21";"278.0"
"2020-07-22";"240.0"
"2020-07-23";"247.0"
"2020-07-24";"212.0"
"2020-07-25";"28.0"
"2020-07-26";"12.0"
"2020-07-27";"243.0"
"2020-07-28";"264.0"
"2020-07-29";"238.0"
"2020-07-30";"245.0"
"2020-07-31";"218.0"
"2020-08-01";"9.0"
"2020-08-02";"29.0"
"2020-08-03";"372.0"
"2020-08-04";"251.0"
"2020-08-05";"377.0"
"2020-08-06";"242.0"
"2020-08-07";"249.0"
"2020-08-08";"14.0"
"2020-08-09";"35.0"
"2020-08-10";"449.0"
"2020-08-11";"307.0"
"2020-08-12";"314.0"
"2020-08-13";"399.0"
"2020-08-14";"192.0"
"2020-08-15";"17.0"
"2020-08-16";"27.0"
"2020-08-17";"343.0"
"2020-08-18";"280.0"
"2020-08-19";"296.0"
"2020-08-20";"239.0"
"2020-08-21";"211.0"
"2020-08-22";"9.0"
"2020-08-23";"16.0"
"2020-08-24";"264.0"
"2020-08-25";"272.0"
"2020-08-26";"299.0"
"2020-08-27";"1422.0"
"2020-08-28";"218.0"
"2020-08-29";"76.0"
"2020-08-30";"40.0"
"2020-08-31";"459.0"
"2020-09-01";"261.0"
"2020-09-02";"328.0"
"2020-09-03";"284.0"
"2020-09-04";"291.0"
"2020-09-05";"21.0"
"2020-09-06";"47.0"
"2020-09-07";"48.0"
"2020-09-08";"327.0"
"2020-09-09";"365.0"
"2020-09-10";"324.0"
"2020-09-11";"275.0"
"2020-09-12";"13.0"
"2020-09-13";"15.0"
"2020-09-14";"374.0"
"2020-09-15";"359.0"
"2020-09-16";"309.0"
"2020-09-17";"327.0"
"2020-09-18";"257.0"
"2020-09-19";"26.0"
"2020-09-20";"27.0"
"2020-09-21";"351.0"
"2020-09-22";"370.0"
"2020-09-23";"276.0"
"2020-09-24";"315.0"
"2020-09-25";"206.0"
"2020-09-26";"56.0"
"2020-09-27";"47.0"
"2020-09-28";"396.0"
"2020-09-29";"385.0"
"2020-09-30";"349.0"
"2020-10-01";"268.0"
"2020-10-02";"294.0"
"2020-10-03";"43.0"
"2020-10-04";"41.0"
"2020-10-05";"434.0"
"2020-10-06";"354.0"
"2020-10-07";"321.0"
"2020-10-08";"344.0"
"2020-10-09";"338.0"
"2020-10-10";"25.0"
"2020-10-11";"17.0"
"2020-10-12";"31.0"
"2020-10-13";"367.0"
"2020-10-14";"400.0"
"2020-10-15";"292.0"
"2020-10-16";"319.0"
"2020-10-17";"40.0"
"2020-10-18";"30.0"
"2020-10-19";"462.0"
"2020-10-20";"316.0"
"2020-10-21";"294.0"
"2020-10-22";"298.0"
"2020-10-23";"285.0"
"2020-10-24";"43.0"
"2020-10-25";"40.0"
"2020-10-26";"397.0"
"2020-10-27";"355.0"
"2020-10-28";"37.0"
"2020-10-29";"339.0"
"2020-10-30";"298.0"
"2020-10-31";"29.0"
"2020-11-01";"53.0"
"2020-11-02";"43.0"
"2020-11-03";"324.0"
"2020-11-04";"371.0"
"2020-11-05";"304.0"
"2020-11-06";"281.0"
"2020-11-07";"34.0"
"2020-11-08";"26.0"
"2020-11-09";"391.0"
"2020-11-10";"347.0"
"2020-11-11";"314.0"
"2020-11-12";"345.0"
"2020-11-13";"337.0"
"2020-11-14";"28.0"
"2020-11-15";"28.0"
"2020-11-16";"461.0"
"2020-11-17";"444.0"
"2020-11-18";"308.0"
"2020-11-19";"412.0"
"2020-11-20";"298.0"
"2020-11-21";"32.0"
"2020-11-22";"64.0"
"2020-11-23";"403.0"
"2020-11-24";"370.0"
"2020-11-25";"377.0"
"2020-11-26";"316.0"
"2020-11-27";"283.0"
"2020-11-28";"27.0"
"2020-11-29";"40.0"
"2020-11-30";"381.0"
"2020-12-01";"267.0"
"2020-12-02";"360.0"
"2020-12-03";"321.0"
"2020-12-04";"210.0"
"2020-12-05";"47.0"
"2020-12-06";"57.0"
"2020-12-07";"368.0"
"2020-12-08";"282.0"
"2020-12-09";"294.0"
"2020-12-10";"272.0"
"2020-12-11";"309.0"
"2020-12-12";"26.0"
"2020-12-13";"29.0"
"2020-12-14";"345.0"
"2020-12-15";"372.0"
"2020-12-16";"387.0"
"2020-12-17";"443.0"
"2020-12-18";"321.0"
"2020-12-19";"24.0"
"2020-12-20";"28.0"
"2020-12-21";"355.0"
"2020-12-22";"322.0"
"2020-12-23";"330.0"
"2020-12-24";"70.0"
"2020-12-25";"42.0"
"2020-12-26";"28.0"
"2020-12-27";"67.0"
"2020-12-28";"291.0"
"2020-12-29";"346.0"
"2020-12-30";"311.0"
"2020-12-31";"50.0"
"2021-01-01";"39.0"
"2021-01-02";"42.0"
"2021-01-03";"24.0"
"2021-01-04";"392.0"
"2021-01-05";"325.0"
"2021-01-06";"228.0"
"2021-01-07";"341.0"
"2021-01-08";"300.0"
"2021-01-09";"18.0"
"2021-01-10";"13.0"
"2021-01-11";"362.0"
"2021-01-12";"300.0"
"2021-01-13";"289.0"
"2021-01-14";"297.0"
"2021-01-15";"328.0"
"2021-01-16";"13.0"
"2021-01-17";"31.0"
"2021-01-18";"316.0"
"2021-01-19";"296.0"
"2021-01-20";"461.0"
"2021-01-21";"353.0"
"2021-01-22";"320.0"
"2021-01-23";"65.0"
"2021-01-24";"39.0"
"2021-01-25";"385.0"
"2021-01-26";"333.0"
"2021-01-27";"382.0"
"2021-01-28";"458.0"
"2021-01-29";"274.0"
"2021-01-30";"43.0"
"2021-01-31";"77.0"
"2021-02-01";"360.0"
"2021-02-02";"435.0"
"2021-02-03";"321.0"
"2021-02-04";"359.0"
"2021-02-05";"355.0"
"2021-02-06";"40.0"
"2021-02-07";"23.0"
"2021-02-08";"398.0"
"2021-02-09";"437.0"
"2021-02-10";"369.0"
"2021-02-11";"329.0"
"2021-02-12";"324.0"
"2021-02-13";"22.0"
"2021-02-14";"27.0"
"2021-02-15";"443.0"
"2021-02-16";"409.0"
"2021-02-17";"366.0"
"2021-02-18";"388.0"
"2021-02-19";"352.0"
"2021-02-20";"41.0"
"2021-02-21";"63.0"
"2021-02-22";"386.0"
"2021-02-23";"327.0"
"2021-02-24";"349.0"
"2021-02-25";"368.0"
"2021-02-26";"379.0"
"2021-02-27";"69.0"
"2021-02-28";"48.0"
"2021-03-01";"368.0"
"2021-03-02";"316.0"
"2021-03-03";"262.0"
"2021-03-04";"304.0"
"2021-03-05";"405.0"
"2021-03-06";"43.0"
"2021-03-07";"24.0"
"2021-03-08";"326.0"
"2021-03-09";"397.0"
"2021-03-10";"340.0"
"2021-03-11";"302.0"
"2021-03-12";"306.0"
"2021-03-13";"50.0"
"2021-03-14";"49.0"
"2021-03-15";"352.0"
"2021-03-16";"374.0"
"2021-03-17";"360.0"
"2021-03-18";"368.0"
"2021-03-19";"331.0"
"2021-03-20";"34.0"
"2021-03-21";"85.0"
"2021-03-22";"444.0"
"2021-03-23";"295.0"
"2021-03-24";"337.0"
"2021-03-25";"345.0"
"2021-03-26";"310.0"
"2021-03-27";"46.0"
"2021-03-28";"24.0"
"2021-03-29";"400.0"
"2021-03-30";"317.0"
"2021-03-31";"377.0"
"2021-04-01";"46.0"
"2021-04-02";"26.0"
"2021-04-03";"34.0"
"2021-04-04";"31.0"
"2021-04-05";"378.0"
"2021-04-06";"413.0"
"2021-04-07";"310.0"
"2021-04-08";"343.0"
"2021-04-09";"378.0"
"2021-04-10";"26.0"
"2021-04-11";"67.0"
"2021-04-12";"410.0"
"2021-04-13";"338.0"
"2021-04-14";"319.0"
"2021-04-15";"388.0"
"2021-04-16";"305.0"
"2021-04-17";"62.0"
"2021-04-18";"62.0"
"2021-04-19";"390.0"
"2021-04-20";"350.0"
"2021-04-21";"51.0"
"2021-04-22";"359.0"
"2021-04-23";"349.0"
"2021-04-24";"29.0"
"2021-04-25";"40.0"
"2021-04-26";"459.0"
"2021-04-27";"447.0"
"2021-04-28";"394.0"
"2021-04-29";"307.0"
"2021-04-30";"460.0"
"2021-05-01";"25.0"
"2021-05-02";"40.0"
"2021-05-03";"421.0"
"2021-05-04";"351.0"
"2021-05-05";"314.0"
"2021-05-06";"389.0"
"2021-05-07";"312.0"
"2021-05-08";"74.0"
"2021-05-09";"29.0"
"2021-05-10";"338.0"
"2021-05-11";"359.0"
"2021-05-12";"364.0"
"2021-05-13";"319.0"
"2021-05-14";"335.0"
"2021-05-15";"23.0"
"2021-05-16";"51.0"
"2021-05-17";"379.0"
"2021-05-18";"336.0"
"2021-05-19";"232.0"
"2021-05-20";"341.0"
"2021-05-21";"334.0"
"2021-05-22";"71.0"
"2021-05-23";"47.0"
"2021-05-24";"398.0"
"2021-05-25";"211.0"
"2021-05-26";"341.0"
"2021-05-27";"299.0"
"2021-05-28";"339.0"
"2021-05-29";"28.0"
"2021-05-30";"37.0"
"2021-05-31";"301.0"
"2021-06-01";"243.0"
"2021-06-02";"379.0"
"2021-06-03";"33.0"
"2021-06-04";"95.0"
"2021-06-05";"46.0"
"2021-06-06";"41.0"
"2021-06-07";"433.0"
"2021-06-08";"396.0"
"2021-06-09";"324.0"
"2021-06-10";"303.0"
"2021-06-11";"258.0"
"2021-06-12";"40.0"
"2021-06-13";"73.0"
"2021-06-14";"366.0"
"2021-06-15";"365.0"
"2021-06-16";"357.0"
"2021-06-17";"340.0"
"2021-06-18";"306.0"
"2021-06-19";"19.0"
"2021-06-20";"53.0"
"2021-06-21";"388.0"
"2021-06-22";"314.0"
"2021-06-23";"315.0"
"2021-06-24";"342.0"
"2021-06-25";"388.0"
"2021-06-26";"39.0"
"2021-06-27";"49.0"
"2021-06-28";"372.0"
"2021-06-29";"320.0"
"2021-06-30";"431.0"
"2021-07-01";"298.0"
"2021-07-02";"373.0"
"2021-07-03";"60.0"
"2021-07-04";"38.0"
"2021-07-05";"422.0"
"2021-07-06";"433.0"
"2021-07-07";"425.0"
"2021-07-08";"331.0"
"2021-07-09";"427.0"
"2021-07-10";"39.0"
"2021-07-11";"77.0"
"2021-07-12";"379.0"
"2021-07-13";"355.0"
"2021-07-14";"342.0"
"2021-07-15";"335.0"
"2021-07-16";"421.0"
"2021-07-17";"58.0"
"2021-07-18";"78.0"
"2021-07-19";"470.0"
"2021-07-20";"328.0"
"2021-07-21";"380.0"
"2021-07-22";"289.0"
"2021-07-23";"385.0"
"2021-07-24";"75.0"
"2021-07-25";"29.0"
"2021-07-26";"495.0"
"2021-07-27";"351.0"
"2021-07-28";"338.0"
"2021-07-29";"409.0"
"2021-07-30";"300.0"
"2021-07-31";"66.0"
"2021-08-01";"75.0"
"2021-08-02";"398.0"
"2021-08-03";"342.0"
"2021-08-04";"371.0"
"2021-08-05";"308.0"
"2021-08-06";"390.0"
"2021-08-07";"62.0"
"2021-08-08";"100.0"
"2021-08-09";"487.0"
"2021-08-10";"486.0"
"2021-08-11";"399.0"
"2021-08-12";"384.0"
"2021-08-13";"337.0"
"2021-08-14";"49.0"
"2021-08-15";"61.0"
"2021-08-16";"406.0"
"2021-08-17";"316.0"
"2021-08-18";"330.0"
"2021-08-19";"356.0"
"2021-08-20";"331.0"
"2021-08-21";"47.0"
"2021-08-22";"80.0"
"2021-08-23";"518.0"
"2021-08-24";"443.0"
"2021-08-25";"346.0"
"2021-08-26";"425.0"
"2021-08-27";"315.0"
"2021-08-28";"120.0"
"2021-08-29";"87.0"
"2021-08-30";"467.0"
"2021-08-31";"341.0"
"2021-09-01";"388.0"
"2021-09-02";"342.0"
"2021-09-03";"317.0"
"2021-09-04";"34.0"
"2021-09-05";"75.0"
"2021-09-06";"440.0"
"2021-09-07";"40.0"
"2021-09-08";"491.0"
"2021-09-09";"434.0"
"2021-09-10";"327.0"
"2021-09-11";"31.0"
"2021-09-12";"60.0"
"2021-09-13";"524.0"
"2021-09-14";"470.0"
"2021-09-15";"432.0"
"2021-09-16";"406.0"
"2021-09-17";"359.0"
"2021-09-18";"51.0"
"2021-09-19";"82.0"
"2021-09-20";"494.0"
"2021-09-21";"400.0"
"2021-09-22";"412.0"
"2021-09-23";"463.0"
"2021-09-24";"270.0"
"2021-09-25";"98.0"
"2021-09-26";"55.0"
"2021-09-27";"533.0"
"2021-09-28";"447.0"
"2021-09-29";"478.0"
"2021-09-30";"429.0"
"2021-10-01";"237.0"
"2021-10-02";"73.0"
"2021-10-03";"82.0"
"2021-10-04";"453.0"
"2021-10-05";"352.0"
"2021-10-06";"441.0"
"2021-10-07";"353.0"
"2021-10-08";"334.0"
"2021-10-09";"18.0"
"2021-10-10";"50.0"
"2021-10-11";"392.0"
"2021-10-12";"60.0"
"2021-10-13";"535.0"
"2021-10-14";"354.0"
"2021-10-15";"376.0"
"2021-10-16";"52.0"
"2021-10-17";"35.0"
"2021-10-18";"475.0"
"2021-10-19";"349.0"
"2021-10-20";"381.0"
"2021-10-21";"387.0"
"2021-10-22";"361.0"
"2021-10-23";"75.0"
"2021-10-24";"44.0"
"2021-10-25";"465.0"
"2021-10-26";"451.0"
"2021-10-27";"410.0"
"2021-10-28";"379.0"
"2021-10-29";"378.0"
"2021-10-30";"39.0"
"2021-10-31";"59.0"
"2021-11-01";"29.0"
"2021-11-02";"1.0"
"2021-11-03";"433.0"
"2021-11-04";"358.0"
"2021-11-05";"292.0"
"2021-11-06";"34.0"
"2021-11-07";"24.0"
"2021-11-08";"477.0"
"2021-11-09";"336.0"
"2021-11-10";"268.0"
"2021-11-11";"301.0"
"2021-11-12";"316.0"
"2021-11-13";"49.0"
"2021-11-14";"47.0"
"2021-11-15";"97.0"
"2021-11-16";"407.0"
"2021-11-17";"268.0"
"2021-11-18";"439.0"
"2021-11-19";"404.0"
"2021-11-20";"58.0"
"2021-11-21";"59.0"
"2021-11-22";"463.0"
"2021-11-23";"420.0"
"2021-11-24";"407.0"
"2021-11-25";"311.0"
"2021-11-26";"327.0"
"2021-11-27";"41.0"
"2021-11-28";"69.0"
"2021-11-29";"483.0"
"2021-11-30";"419.0"
"2021-12-01";"369.0"
"2021-12-02";"373.0"
"2021-12-03";"303.0"
"2021-12-04";"61.0"
"2021-12-05";"45.0"
"2021-12-06";"408.0"
"2021-12-07";"337.0"
"2021-12-08";"290.0"
"2021-12-09";"362.0"
"2021-12-10";"385.0"
"2021-12-11";"59.0"
"2021-12-12";"70.0"
"2021-12-13";"485.0"
"2021-12-14";"475.0"
"2021-12-15";"372.0"
"2021-12-16";"385.0"
"2021-12-17";"400.0"
"2021-12-18";"62.0"
"2021-12-19";"55.0"
"2021-12-20";"553.0"
"2021-12-21";"470.0"
"2021-12-22";"372.0"
"2021-12-23";"325.0"
"2021-12-24";"25.0"
"2021-12-25";"15.0"
"2021-12-26";"52.0"
"2021-12-27";"343.0"
"2021-12-28";"400.0"
"2021-12-29";"389.0"
"2021-12-30";"355.0"
"2021-12-31";"28.0"
"2022-01-01";"48.0"
"2022-01-02";"73.0"
"2022-01-03";"357.0"
"2022-01-04";"334.0"
"2022-01-05";"407.0"
"2022-01-06";"321.0"
"2022-01-07";"363.0"
"2022-01-08";"34.0"
"2022-01-09";"35.0"
"2022-01-10";"424.0"
"2022-01-11";"383.0"
"2022-01-12";"465.0"
"2022-01-13";"352.0"
"2022-01-14";"281.0"
"2022-01-15";"104.0"
"2022-01-16";"61.0"
"2022-01-17";"429.0"
"2022-01-18";"465.0"
"2022-01-19";"302.0"
"2022-01-20";"283.0"
"2022-01-21";"388.0"
"2022-01-22";"64.0"
"2022-01-23";"82.0"
"2022-01-24";"535.0"
"2022-01-25";"402.0"
"2022-01-26";"400.0"
"2022-01-27";"433.0"
"2022-01-28";"371.0"
"2022-01-29";"108.0"
"2022-01-30";"129.0"
"2022-01-31";"549.0"
"2022-02-01";"428.0"
"2022-02-02";"362.0"
"2022-02-03";"370.0"
"2022-02-04";"441.0"
"2022-02-05";"70.0"
"2022-02-06";"61.0"
"2022-02-07";"450.0"
"2022-02-08";"451.0"
"2022-02-09";"434.0"
"2022-02-10";"468.0"
"2022-02-11";"364.0"
"2022-02-12";"179.0"
"2022-02-13";"79.0"
"2022-02-14";"516.0"
"2022-02-15";"450.0"
"2022-02-16";"465.0"
"2022-02-17";"392.0"
"2022-02-18";"412.0"
"2022-02-19";"58.0"
"2022-02-20";"119.0"
"2022-02-21";"509.0"
"2022-02-22";"508.0"
"2022-02-23";"460.0"
"2022-02-24";"511.0"
"2022-02-25";"445.0"
"2022-02-26";"123.0"
"2022-02-27";"63.0"
"2022-02-28";"142.0"
"2022-03-01";"69.0"
"2022-03-02";"525.0"
"2022-03-03";"408.0"
"2022-03-04";"466.0"
"2022-03-05";"69.0"
"2022-03-06";"111.0"
"2022-03-07";"541.0"
"2022-03-08";"450.0"
"2022-03-09";"425.0"
"2022-03-10";"454.0"
"2022-03-11";"510.0"
"2022-03-12";"77.0"
"2022-03-13";"118.0"
"2022-03-14";"487.0"
"2022-03-15";"498.0"
"2022-03-16";"448.0"
"2022-03-17";"416.0"
"2022-03-18";"402.0"
"2022-03-19";"84.0"
"2022-03-20";"104.0"
"2022-03-21";"473.0"
"2022-03-22";"505.0"
"2022-03-23";"367.0"
"2022-03-24";"419.0"
"2022-03-25";"413.0"
"2022-03-26";"41.0"
"2022-03-27";"65.0"
"2022-03-28";"515.0"
"2022-03-29";"475.0"
"2022-03-30";"400.0"
"2022-03-31";"459.0"
"2022-04-01";"447.0"
"2022-04-02";"46.0"
"2022-04-03";"44.0"
"2022-04-04";"479.0"
"2022-04-05";"399.0"
"2022-04-06";"484.0"
"2022-04-07";"466.0"
"2022-04-08";"359.0"
"2022-04-09";"164.0"
"2022-04-10";"115.0"
"2022-04-11";"557.0"
"2022-04-12";"477.0"
"2022-04-13";"461.0"
"2022-04-14";"104.0"
"2022-04-15";"48.0"
"2022-04-16";"74.0"
"2022-04-17";"65.0"
"2022-04-18";"524.0"
"2022-04-19";"499.0"
"2022-04-20";"439.0"
"2022-04-21";"105.0"
"2022-04-22";"390.0"
"2022-04-23";"99.0"
"2022-04-24";"73.0"
"2022-04-25";"548.0"
"2022-04-26";"414.0"
"2022-04-27";"429.0"
"2022-04-28";"412.0"
"2022-04-29";"416.0"
"2022-04-30";"39.0"
"2022-05-01";"50.0"
"2022-05-02";"502.0"
"2022-05-03";"386.0"
"2022-05-04";"396.0"
"2022-05-05";"369.0"
"2022-05-06";"384.0"
"2022-05-07";"113.0"
"2022-05-08";"87.0"
"2022-05-09";"454.0"
"2022-05-10";"434.0"
"2022-05-11";"395.0"
"2022-05-12";"359.0"
"2022-05-13";"375.0"
"2022-05-14";"71.0"
"2022-05-15";"127.0"
"2022-05-16";"510.0"
"2022-05-17";"410.0"
"2022-05-18";"398.0"
"2022-05-19";"420.0"
"2022-05-20";"453.0"
"2022-05-21";"58.0"
"2022-05-22";"53.0"
"2022-05-23";"562.0"
"2022-05-24";"434.0"
"2022-05-25";"362.0"
"2022-05-26";"349.0"
"2022-05-27";"420.0"
"2022-05-28";"119.0"
"2022-05-29";"43.0"
"2022-05-30";"474.0"
"2022-05-31";"443.0"
"2022-06-01";"385.0"
"2022-06-02";"320.0"
"2022-06-03";"354.0"
"2022-06-04";"92.0"
"2022-06-05";"95.0"
"2022-06-06";"434.0"
"2022-06-07";"420.0"
"2022-06-08";"390.0"
"2022-06-09";"328.0"
"2022-06-10";"419.0"
"2022-06-11";"45.0"
"2022-06-12";"77.0"
"2022-06-13";"469.0"
"2022-06-14";"449.0"
"2022-06-15";"438.0"
"2022-06-16";"92.0"
"2022-06-17";"71.0"
"2022-06-18";"60.0"
"2022-06-19";"47.0"
"2022-06-20";"459.0"
"2022-06-21";"398.0"
"2022-06-22";"357.0"
"2022-06-23";"374.0"
"2022-06-24";"446.0"
"2022-06-25";"67.0"
"2022-06-26";"66.0"
"2022-06-27";"449.0"
"2022-06-28";"490.0"
"2022-06-29";"369.0"
"2022-06-30";"409.0"
"2022-07-01";"373.0"
"2022-07-02";"84.0"
"2022-07-03";"90.0"
"2022-07-04";"422.0"
"2022-07-05";"405.0"
"2022-07-06";"443.0"
"2022-07-07";"461.0"
"2022-07-08";"360.0"
"2022-07-09";"117.0"
"2022-07-10";"114.0"
"2022-07-11";"485.0"
"2022-07-12";"421.0"
"2022-07-13";"364.0"
"2022-07-14";"388.0"
"2022-07-15";"389.0"
"2022-07-16";"74.0"
"2022-07-17";"93.0"
"2022-07-18";"506.0"
"2022-07-19";"409.0"
"2022-07-20";"363.0"
"2022-07-21";"359.0"
"2022-07-22";"377.0"
"2022-07-23";"70.0"
"2022-07-24";"52.0"
"2022-07-25";"462.0"
"2022-07-26";"464.0"
"2022-07-27";"348.0"
"2022-07-28";"394.0"
"2022-07-29";"374.0"
"2022-07-30";"61.0"
"2022-07-31";"45.0"
"2022-08-01";"404.0"
"2022-08-02";"341.0"
"2022-08-03";"412.0"
"2022-08-04";"331.0"
"2022-08-05";"391.0"
"2022-08-06";"72.0"
"2022-08-07";"106.0"
"2022-08-08";"461.0"
"2022-08-09";"482.0"
"2022-08-10";"316.0"
"2022-08-11";"367.0"
"2022-08-12";"389.0"
"2022-08-13";"65.0"
"2022-08-14";"53.0"
"2022-08-15";"457.0"
"2022-08-16";"470.0"
"2022-08-17";"359.0"
"2022-08-18";"334.0"
"2022-08-19";"385.0"
"2022-08-20";"59.0"
"2022-08-21";"76.0"
"2022-08-22";"494.0"
"2022-08-23";"342.0"
"2022-08-24";"357.0"
"2022-08-25";"382.0"
"2022-08-26";"403.0"
"2022-08-27";"72.0"
"2022-08-28";"72.0"
"2022-08-29";"474.0"
"2022-08-30";"399.0"
"2022-08-31";"452.0"
"2022-09-01";"408.0"
"2022-09-02";"350.0"
"2022-09-03";"79.0"
"2022-09-04";"66.0"
"2022-09-05";"421.0"
"2022-09-06";"427.0"
"2022-09-07";"94.0"
"2022-09-08";"452.0"
"2022-09-09";"488.0"
"2022-09-10";"82.0"
"2022-09-11";"100.0"
"2022-09-12";"431.0"
"2022-09-13";"455.0"
"2022-09-14";"481.0"
"2022-09-15";"344.0"
"2022-09-16";"423.0"
"2022-09-17";"81.0"
"2022-09-18";"93.0"
"2022-09-19";"527.0"
"2022-09-20";"538.0"
"2022-09-21";"345.0"
"2022-09-22";"417.0"
"2022-09-23";"362.0"
"2022-09-24";"61.0"
"2022-09-25";"109.0"
"2022-09-26";"499.0"
"2022-09-27";"519.0"
"2022-09-28";"419.0"
"2022-09-29";"295.0"
"2022-09-30";"330.0"
"2022-10-01";"61.0"
"2022-10-02";"121.0"
"2022-10-03";"443.0"
"2022-10-04";"453.0"
"2022-10-05";"464.0"
"2022-10-06";"402.0"
"2022-10-07";"392.0"
"2022-10-08";"91.0"
"2022-10-09";"81.0"
"2022-10-10";"476.0"
"2022-10-11";"436.0"
"2022-10-12";"91.0"
"2022-10-13";"449.0"
"2022-10-14";"410.0"
"2022-10-15";"68.0"
"2022-10-16";"50.0"
"2022-10-17";"343.0"
"2022-10-18";"472.0"
"2022-10-19";"363.0"
"2022-10-20";"490.0"
"2022-10-21";"381.0"
"2022-10-22";"70.0"
"2022-10-23";"99.0"
"2022-10-24";"567.0"
"2022-10-25";"461.0"
"2022-10-26";"469.0"
"2022-10-27";"415.0"
"2022-10-28";"123.0"
"2022-10-29";"75.0"
"2022-10-30";"54.0"
"2022-10-31";"567.0"
"2022-11-01";"404.0"
"2022-11-02";"106.0"
"2022-11-03";"461.0"
"2022-11-04";"484.0"
"2022-11-05";"107.0"
"2022-11-06";"117.0"
"2022-11-07";"578.0"
"2022-11-08";"478.0"
"2022-11-09";"418.0"
"2022-11-10";"409.0"
"2022-11-11";"511.0"
"2022-11-12";"81.0"
"2022-11-13";"99.0"
"2022-11-14";"514.0"
"2022-11-15";"96.0"
"2022-11-16";"543.0"
"2022-11-17";"478.0"
"2022-11-18";"482.0"
"2022-11-19";"130.0"
"2022-11-20";"90.0"
"2022-11-21";"488.0"
"2022-11-22";"466.0"
"2022-11-23";"421.0"
"2022-11-24";"379.0"
"2022-11-25";"422.0"
"2022-11-26";"106.0"
"2022-11-27";"94.0"
"2022-11-28";"305.0"
"2022-11-29";"500.0"
"2022-11-30";"432.0"
"2022-12-01";"366.0"
"2022-12-02";"382.0"
"2022-12-03";"98.0"
"2022-12-04";"104.0"
"2022-12-05";"423.0"
"2022-12-06";"407.0"
"2022-12-07";"453.0"
"2022-12-08";"448.0"
"2022-12-09";"258.0"
"2022-12-10";"94.0"
"2022-12-11";"83.0"
"2022-12-12";"617.0"
"2022-12-13";"449.0"
"2022-12-14";"422.0"
"2022-12-15";"432.0"
"2022-12-16";"369.0"
"2022-12-17";"148.0"
"2022-12-18";"146.0"
"2022-12-19";"471.0"
"2022-12-20";"440.0"
"2022-12-21";"416.0"
"2022-12-22";"381.0"
"2022-12-23";"305.0"
"2022-12-24";"116.0"
"2022-12-25";"105.0"
"2022-12-26";"374.0"
"2022-12-27";"374.0"
"2022-12-28";"207.0"
"2022-12-29";"410.0"
"2022-12-30";"329.0"
"2022-12-31";"105.0"
"2023-01-01";"77.0"
"2023-01-02";"359.0"
"2023-01-03";"408.0"
"2023-01-04";"409.0"
"2023-01-05";"368.0"
"2023-01-06";"308.0"
"2023-01-07";"71.0"
"2023-01-08";"117.0"
"2023-01-09";"429.0"
"2023-01-10";"443.0"
"2023-01-11";"449.0"
"2023-01-12";"410.0"
"2023-01-13";"415.0"
"2023-01-14";"141.0"
"2023-01-15";"123.0"
"2023-01-16";"475.0"
"2023-01-17";"466.0"
"2023-01-18";"448.0"
"2023-01-19";"394.0"
"2023-01-20";"458.0"
"2023-01-21";"75.0"
"2023-01-22";"108.0"
"2023-01-23";"588.0"
"2023-01-24";"519.0"
"2023-01-25";"476.0"
"2023-01-26";"574.0"
"2023-01-27";"467.0"
"2023-01-28";"129.0"
"2023-01-29";"133.0"
"2023-01-30";"543.0"
"2023-01-31";"460.0"
"2023-02-01";"478.0"
"2023-02-02";"473.0"
"2023-02-03";"407.0"
"2023-02-04";"109.0"
"2023-02-05";"85.0"
"2023-02-06";"589.0"
"2023-02-07";"500.0"
"2023-02-08";"567.0"
"2023-02-09";"478.0"
"2023-02-10";"505.0"
"2023-02-11";"117.0"
"2023-02-12";"102.0"
"2023-02-13";"708.0"
"2023-02-14";"642.0"
"2023-02-15";"557.0"
"2023-02-16";"430.0"
"2023-02-17";"517.0"
"2023-02-18";"119.0"
"2023-02-19";"115.0"
"2023-02-20";"109.0"
"2023-02-21";"129.0"
"2023-02-22";"486.0"
"2023-02-23";"638.0"
"2023-02-24";"504.0"
"2023-02-25";"92.0"
"2023-02-26";"143.0"
"2023-02-27";"622.0"
"2023-02-28";"540.0"
"2023-03-01";"528.0"
"2023-03-02";"455.0"
"2023-03-03";"472.0"
"2023-03-04";"91.0"
"2023-03-05";"121.0"
"2023-03-06";"563.0"
"2023-03-07";"506.0"
"2023-03-08";"488.0"
"2023-03-09";"469.0"
"2023-03-10";"503.0"
"2023-03-11";"134.0"
"2023-03-12";"137.0"
"2023-03-13";"512.0"
"2023-03-14";"495.0"
"2023-03-15";"452.0"
"2023-03-16";"493.0"
"2023-03-17";"463.0"
"2023-03-18";"106.0"
"2023-03-19";"128.0"
"2023-03-20";"595.0"
"2023-03-21";"515.0"
"2023-03-22";"565.0"
"2023-03-23";"475.0"
"2023-03-24";"546.0"
"2023-03-25";"105.0"
"2023-03-26";"119.0"
"2023-03-27";"628.0"
"2023-03-28";"586.0"
"2023-03-29";"484.0"
"2023-03-30";"410.0"
"2023-03-31";"478.0"
"2023-04-01";"91.0"
"2023-04-02";"64.0"
"2023-04-03";"513.0"
"2023-04-04";"493.0"
"2023-04-05";"612.0"
"2023-04-06";"127.0"
"2023-04-07";"90.0"
"2023-04-08";"65.0"
"2023-04-09";"84.0"
"2023-04-10";"634.0"
"2023-04-11";"532.0"
"2023-04-12";"437.0"
"2023-04-13";"541.0"
"2023-04-14";"467.0"
"2023-04-15";"103.0"
"2023-04-16";"103.0"
"2023-04-17";"515.0"
"2023-04-18";"479.0"
"2023-04-19";"416.0"
"2023-04-20";"536.0"
"2023-04-21";"97.0"
"2023-04-22";"58.0"
"2023-04-23";"68.0"
"2023-04-24";"554.0"
"2023-04-25";"519.0"
"2023-04-26";"439.0"
"2023-04-27";"501.0"
"2023-04-28";"495.0"
"2023-04-29";"167.0"
"2023-04-30";"112.0"
"2023-05-01";"69.0"
"2023-05-02";"538.0"
"2023-05-03";"451.0"
"2023-05-04";"428.0"
"2023-05-05";"501.0"
"2023-05-06";"111.0"
"2023-05-07";"104.0"
"2023-05-08";"572.0"
"2023-05-09";"516.0"
"2023-05-10";"585.0"
"2023-05-11";"378.0"
"2023-05-12";"518.0"
"2023-05-13";"106.0"
"2023-05-14";"133.0"
"2023-05-15";"526.0"
"2023-05-16";"471.0"
"2023-05-17";"473.0"
"2023-05-18";"422.0"
"2023-05-19";"426.0"
"2023-05-20";"98.0"
"2023-05-21";"73.0"
"2023-05-22";"456.0"
"2023-05-23";"546.0"
"2023-05-24";"455.0"
"2023-05-25";"427.0"
"2023-05-26";"451.0"
"2023-05-27";"85.0"
"2023-05-28";"62.0"
"2023-05-29";"599.0"
"2023-05-30";"546.0"
"2023-05-31";"562.0"
"2023-06-01";"463.0"
"2023-06-02";"575.0"
"2023-06-03";"104.0"
"2023-06-04";"56.0"
"2023-06-05";"491.0"
"2023-06-06";"390.0"
"2023-06-07";"493.0"
"2023-06-08";"99.0"
"2023-06-09";"90.0"
"2023-06-10";"78.0"
"2023-06-11";"69.0"
"2023-06-12";"460.0"
"2023-06-13";"451.0"
"2023-06-14";"436.0"
"2023-06-15";"447.0"
"2023-06-16";"523.0"
"2023-06-17";"108.0"
"2023-06-18";"63.0"
"2023-06-19";"545.0"
"2023-06-20";"424.0"
"2023-06-21";"420.0"
"2023-06-22";"425.0"
"2023-06-23";"456.0"
"2023-06-24";"86.0"
"2023-06-25";"134.0"
"2023-06-26";"533.0"
"2023-06-27";"518.0"
"2023-06-28";"472.0"
"2023-06-29";"506.0"
"2023-06-30";"440.0"
"2023-07-01";"97.0"
"2023-07-02";"121.0"
"2023-07-03";"402.0"
"2023-07-04";"528.0"
"2023-07-05";"543.0"
"2023-07-06";"404.0"
"2023-07-07";"361.0"
"2023-07-08";"80.0"
"2023-07-09";"80.0"
"2023-07-10";"529.0"
"2023-07-11";"429.0"
"2023-07-12";"433.0"
"2023-07-13";"400.0"
"2023-07-14";"356.0"
"2023-07-15";"106.0"
"2023-07-16";"85.0"
"2023-07-17";"458.0"
"2023-07-18";"418.0"
"2023-07-19";"335.0"
"2023-07-20";"350.0"
"2023-07-21";"419.0"
"2023-07-22";"129.0"
"2023-07-23";"74.0"
"2023-07-24";"480.0"
"2023-07-25";"340.0"
"2023-07-26";"420.0"
"2023-07-27";"356.0"
"2023-07-28";"320.0"
"2023-07-29";"85.0"
"2023-07-30";"137.0"
"2023-07-31";"429.0"
"2023-08-01";"358.0"
"2023-08-02";"407.0"
"2023-08-03";"414.0"
"2023-08-04";"390.0"
"2023-08-05";"124.0"
"2023-08-06";"124.0"
"2023-08-07";"579.0"
"2023-08-08";"432.0"
"2023-08-09";"369.0"
"2023-08-10";"458.0"
"2023-08-11";"419.0"
"2023-08-12";"88.0"
"2023-08-13";"79.0"
"2023-08-14";"531.0"
"2023-08-15";"383.0"
"2023-08-16";"366.0"
"2023-08-17";"444.0"
"2023-08-18";"445.0"
"2023-08-19";"110.0"
"2023-08-20";"130.0"
"2023-08-21";"640.0"
"2023-08-22";"656.0"
"2023-08-23";"588.0"
"2023-08-24";"492.0"
"2023-08-25";"457.0"
"2023-08-26";"145.0"
"2023-08-27";"110.0"
"2023-08-28";"538.0"
"2023-08-29";"482.0"
"2023-08-30";"453.0"
"2023-08-31";"448.0"
"2023-09-01";"447.0"
"2023-09-02";"119.0"
"2023-09-03";"101.0"
"2023-09-04";"466.0"
"2023-09-05";"522.0"
"2023-09-06";"504.0"
"2023-09-07";"130.0"
"2023-09-08";"128.0"
"2023-09-09";"132.0"
"2023-09-10";"101.0"
"2023-09-11";"567.0"
"2023-09-12";"451.0"
"2023-09-13";"429.0"
"2023-09-14";"541.0"
"2023-09-15";"468.0"
"2023-09-16";"96.0"
"2023-09-17";"86.0"
"2023-09-18";"565.0"
"2023-09-19";"525.0"
"2023-09-20";"387.0"
"2023-09-21";"406.0"
"2023-09-22";"468.0"
"2023-09-23";"98.0"
"2023-09-24";"129.0"
"2023-09-25";"616.0"
"2023-09-26";"509.0"
"2023-09-27";"488.0"
"2023-09-28";"495.0"
"2023-09-29";"482.0"
"2023-09-30";"91.0"
"2023-10-01";"132.0"
"2023-10-02";"489.0"
"2023-10-03";"455.0"
"2023-10-04";"454.0"
"2023-10-05";"420.0"
"2023-10-06";"440.0"
"2023-10-07";"67.0"
"2023-10-08";"56.0"
"2023-10-09";"437.0"
"2023-10-10";"451.0"
"2023-10-11";"441.0"
"2023-10-12";"74.0"
"2023-10-13";"129.0"
"2023-10-14";"76.0"
"2023-10-15";"102.0"
"2023-10-16";"514.0"
"2023-10-17";"425.0"
"2023-10-18";"514.0"
"2023-10-19";"445.0"
"2023-10-20";"400.0"
"2023-10-21";"96.0"
"2023-10-22";"85.0"
"2023-10-23";"550.0"
"2023-10-24";"466.0"
"2023-10-25";"479.0"
"2023-10-26";"391.0"
"2023-10-27";"422.0"
"2023-10-28";"66.0"
"2023-10-29";"108.0"
"2023-10-30";"505.0"
"2023-10-31";"484.0"
"2023-11-01";"480.0"
"2023-11-02";"132.0"
"2023-11-03";"85.0"
"2023-11-04";"68.0"
"2023-11-05";"50.0"
"2023-11-06";"518.0"
"2023-11-07";"492.0"
"2023-11-08";"466.0"
"2023-11-09";"463.0"
"2023-11-10";"483.0"
"2023-11-11";"150.0"
"2023-11-12";"122.0"
"2023-11-13";"476.0"
"2023-11-14";"537.0"
"2023-11-15";"107.0"
"2023-11-16";"444.0"
"2023-11-17";"488.0"
"2023-11-18";"93.0"
"2023-11-19";"87.0"
"2023-11-20";"468.0"
"2023-11-21";"505.0"
"2023-11-22";"567.0"
"2023-11-23";"434.0"
"2023-11-24";"430.0"
"2023-11-25";"95.0"
"2023-11-26";"80.0"
"2023-11-27";"469.0"
"2023-11-28";"460.0"
"2023-11-29";"577.0"
"2023-11-30";"486.0"
"2023-12-01";"382.0"
"2023-12-02";"84.0"
"2023-12-03";"81.0"
"2023-12-04";"488.0"
"2023-12-05";"438.0"
"2023-12-06";"453.0"
"2023-12-07";"460.0"
"2023-12-08";"372.0"
"2023-12-09";"183.0"
"2023-12-10";"100.0"
"2023-12-11";"590.0"
"2023-12-12";"468.0"
"2023-12-13";"437.0"
"2023-12-14";"414.0"
"2023-12-15";"435.0"
"2023-12-16";"108.0"
"2023-12-17";"99.0"
"2023-12-18";"568.0"
"2023-12-19";"527.0"
"2023-12-20";"472.0"
"2023-12-21";"477.0"
"2023-12-22";"499.0"
"2023-12-23";"155.0"
"2023-12-24";"100.0"
"2023-12-25";"88.0"
"2023-12-26";"137.0"
"2023-12-27";"166.0"
"2023-12-28";"167.0"
"2023-12-29";"155.0"
"2023-12-30";"70.0"
"2023-12-31";"83.0"
"2024-01-01";"81.0"
"2024-01-02";"448.0"
"2024-01-03";"400.0"
"2024-01-04";"407.0"
"2024-01-05";"382.0"
"2024-01-06";"92.0"
"2024-01-07";"99.0"
"2024-01-08";"456.0"
"2024-01-09";"405.0"
"2024-01-10";"427.0"
"2024-01-11";"381.0"
"2024-01-12";"463.0"
"2024-01-13";"145.0"
"2024-01-14";"79.0"
"2024-01-15";"492.0"
"2024-01-16";"391.0"
"2024-01-17";"487.0"
"2024-01-18";"409.0"
"2024-01-19";"508.0"
"2024-01-20";"143.0"
"2024-01-21";"121.0"
"2024-01-22";"467.0"
"2024-01-23";"457.0"
"2024-01-24";"428.0"
"2024-01-25";"560.0"
"2024-01-26";"442.0"
"2024-01-27";"83.0"
"2024-01-28";"87.0"
"2024-01-29";"465.0"
"2024-01-30";"461.0"
"2024-01-31";"407.0"
"2024-02-01";"440.0"
"2024-02-02";"515.0"
"2024-02-03";"114.0"
"2024-02-04";"112.0"
"2024-02-05";"516.0"
"2024-02-06";"605.0"
"2024-02-07";"578.0"
"2024-02-08";"470.0"
"2024-02-09";"466.0"
"2024-02-10";"129.0"
"2024-02-11";"181.0"
"2024-02-12";"100.0"
"2024-02-13";"87.0"
"2024-02-14";"408.0"
"2024-02-15";"421.0"
"2024-02-16";"585.0"
"2024-02-17";"139.0"
"2024-02-18";"164.0"
"2024-02-19";"617.0"
"2024-02-20";"535.0"
"2024-02-21";"487.0"
"2024-02-22";"527.0"
"2024-02-23";"497.0"
"2024-02-24";"128.0"
"2024-02-25";"106.0"
"2024-02-26";"516.0"
"2024-02-27";"537.0"
"2024-02-28";"554.0"
"2024-02-29";"459.0"
"2024-03-01";"470.0"
"2024-03-02";"119.0"
"2024-03-03";"107.0"
"2024-03-04";"587.0"
"2024-03-05";"453.0"
"2024-03-06";"449.0"
"2024-03-07";"496.0"
"2024-03-08";"469.0"
"2024-03-09";"139.0"
"2024-03-10";"116.0"
"2024-03-11";"583.0"
"2024-03-12";"540.0"
"2024-03-13";"553.0"
"2024-03-14";"600.0"
"2024-03-15";"535.0"
"2024-03-16";"176.0"
"2024-03-17";"122.0"
"2024-03-18";"648.0"
"2024-03-19";"524.0"
"2024-03-20";"488.0"
"2024-03-21";"508.0"
"2024-03-22";"558.0"
"2024-03-23";"109.0"
"2024-03-24";"107.0"
"2024-03-25";"604.0"
"2024-03-26";"569.0"
"2024-03-27";"522.0"
"2024-03-28";"144.0"
"2024-03-29";"143.0"
"2024-03-30";"113.0"
"2024-03-31";"104.0"
"2024-04-01";"618.0"
"2024-04-02";"554.0"
"2024-04-03";"533.0"
"2024-04-04";"505.0"
"2024-04-05";"489.0"
"2024-04-06";"134.0"
"2024-04-07";"113.0"
"2024-04-08";"543.0"
"2024-04-09";"575.0"
"2024-04-10";"496.0"
"2024-04-11";"445.0"
"2024-04-12";"410.0"
"2024-04-13";"102.0"
"2024-04-14";"107.0"
"2024-04-15";"507.0"
"2024-04-16";"514.0"
"2024-04-17";"429.0"
"2024-04-18";"482.0"
"2024-04-19";"483.0"
"2024-04-20";"95.0"
"2024-04-21";"82.0"
"2024-04-22";"632.0"
"2024-04-23";"548.0"
"2024-04-24";"511.0"
"2024-04-25";"481.0"
"2024-04-26";"434.0"
"2024-04-27";"99.0"
"2024-04-28";"145.0"
"2024-04-29";"484.0"
"2024-04-30";"488.0"
"2024-05-01";"102.0"
"2024-05-02";"500.0"
"2024-05-03";"436.0"
"2024-05-04";"133.0"
"2024-05-05";"76.0"
"2024-05-06";"516.0"
"2024-05-07";"405.0"
"2024-05-08";"470.0"
"2024-05-09";"441.0"
"2024-05-10";"353.0"
"2024-05-11";"106.0"
"2024-05-12";"106.0"
"2024-05-13";"520.0"
"2024-05-14";"553.0"
"2024-05-15";"496.0"
"2024-05-16";"453.0"
"2024-05-17";"480.0"
"2024-05-18";"79.0"
"2024-05-19";"89.0"
"2024-05-20";"571.0"
"2024-05-21";"412.0"
"2024-05-22";"461.0"
"2024-05-23";"392.0"
"2024-05-24";"508.0"
"2024-05-25";"120.0"
"2024-05-26";"105.0"
"2024-05-27";"475.0"
"2024-05-28";"499.0"
"2024-05-29";"481.0"
"2024-05-30";"78.0"
"2024-05-31";"114.0"
"2024-06-01";"71.0"
"2024-06-02";"93.0"
"2024-06-03";"588.0"
"2024-06-04";"472.0"
"2024-06-05";"436.0"
"2024-06-06";"430.0"
"2024-06-07";"488.0"
"2024-06-08";"150.0"
"2024-06-09";"122.0"
"2024-06-10";"504.0"
"2024-06-11";"488.0"
"2024-06-12";"438.0"
"2024-06-13";"386.0"
"2024-06-14";"421.0"
"2024-06-15";"115.0"
"2024-06-16";"74.0"
"2024-06-17";"576.0"
"2024-06-18";"486.0"
"2024-06-19";"472.0"
"2024-06-20";"397.0"
"2024-06-21";"508.0"
"2024-06-22";"128.0"
"2024-06-23";"123.0"
"2024-06-24";"613.0"
"2024-06-25";"493.0"
"2024-06-26";"458.0"
"2024-06-27";"479.0"
"2024-06-28";"485.0"
"2024-06-29";"113.0"
"2024-06-30";"76.0"
"2024-07-01";"468.0"
"2024-07-02";"479.0"
"2024-07-03";"481.0"
"2024-07-04";"437.0"
"2024-07-05";"431.0"
"2024-07-06";"100.0"
"2024-07-07";"62.0"
"2024-07-08";"515.0"
"2024-07-09";"431.0"
"2024-07-10";"405.0"
"2024-07-11";"409.0"
"2024-07-12";"431.0"
"2024-07-13";"92.0"
"2024-07-14";"108.0"
"2024-07-15";"379.0"
"2024-07-16";"394.0"
"2024-07-17";"359.0"
"2024-07-18";"388.0"
"2024-07-19";"466.0"
"2024-07-20";"107.0"
"2024-07-21";"92.0"
"2024-07-22";"468.0"
"2024-07-23";"438.0"
"2024-07-24";"382.0"
"2024-07-25";"382.0"
"2024-07-26";"438.0"
"2024-07-27";"127.0"
"2024-07-28";"108.0"
"2024-07-29";"466.0"
"2024-07-30";"461.0"
"2024-07-31";"498.0"
"2024-08-01";"419.0"
"2024-08-02";"477.0"
"2024-08-03";"64.0"
"2024-08-04";"96.0"
"2024-08-05";"581.0"
"2024-08-06";"455.0"
"2024-08-07";"482.0"
"2024-08-08";"460.0"
"2024-08-09";"485.0"
"2024-08-10";"113.0"
"2024-08-11";"72.0"
"2024-08-12";"502.0"
"2024-08-13";"521.0"
"2024-08-14";"429.0"
"2024-08-15";"425.0"
"2024-08-16";"446.0"
"2024-08-17";"107.0"
"2024-08-18";"110.0"
"2024-08-19";"515.0"
"2024-08-20";"506.0"
"2024-08-21";"460.0"
"2024-08-22";"421.0"
"2024-08-23";"515.0"
"2024-08-24";"157.0"
"2024-08-25";"121.0"
"2024-08-26";"539.0"
"2024-08-27";"492.0"
"2024-08-28";"512.0"
"2024-08-29";"382.0"
"2024-08-30";"433.0"
"2024-08-31";"113.0"
"2024-09-01";"110.0"
"2024-09-02";"599.0"
"2024-09-03";"449.0"
"2024-09-04";"494.0"
"2024-09-05";"461.0"
"2024-09-06";"431.0"
"2024-09-07";"106.0"
"2024-09-08";"119.0"
"2024-09-09";"626.0"
"2024-09-10";"480.0"
"2024-09-11";"524.0"
"2024-09-12";"446.0"
"2024-09-13";"495.0"
"2024-09-14";"146.0"
"2024-09-15";"110.0"
"2024-09-16";"522.0"
"2024-09-17";"514.0"
"2024-09-18";"507.0"
"2024-09-19";"482.0"
"2024-09-20";"434.0"
"2024-09-21";"116.0"
"2024-09-22";"86.0"
"2024-09-23";"540.0"
"2024-09-24";"573.0"
"2024-09-25";"478.0"
"2024-09-26";"451.0"
"2024-09-27";"427.0"
"2024-09-28";"141.0"
"2024-09-29";"127.0"
"2024-09-30";"528.0"
"2024-10-01";"430.0"
"2024-10-02";"435.0"
"2024-10-03";"510.0"
"2024-10-04";"459.0"
"2024-10-05";"119.0"
"2024-10-06";"113.0"
"2024-10-07";"570.0"
"2024-10-08";"536.0"
"2024-10-09";"452.0"
"2024-10-10";"402.0"
"2024-10-11";"455.0"
"2024-10-12";"106.0"
"2024-10-13";"134.0"
"2024-10-14";"565.0"
"2024-10-15";"454.0"
"2024-10-16";"486.0"
"2024-10-17";"371.0"
"2024-10-18";"451.0"
"2024-10-19";"185.0"
"2024-10-20";"86.0"
"2024-10-21";"537.0"
"2024-10-22";"497.0"
"2024-10-23";"548.0"
"2024-10-24";"437.0"
"2024-10-25";"394.0"
"2024-10-26";"101.0"
"2024-10-27";"72.0"
"2024-10-28";"185.0"
"2024-10-29";"559.0"
"2024-10-30";"511.0"
"2024-10-31";"424.0"
"2024-11-01";"378.0"
"2024-11-02";"130.0"
"2024-11-03";"136.0"
"2024-11-04";"436.0"
"2024-11-05";"519.0"
"2024-11-06";"515.0"
"2024-11-07";"498.0"
"2024-11-08";"452.0"
"2024-11-09";"128.0"
"2024-11-10";"96.0"
"2024-11-11";"522.0"
"2024-11-12";"563.0"
"2024-11-13";"479.0"
"2024-11-14";"556.0"
"2024-11-15";"120.0"
"2024-11-16";"145.0"
"2024-11-17";"106.0"
"2024-11-18";"537.0"
"2024-11-19";"502.0"
"2024-11-20";"110.0"
"2024-11-21";"431.0"
"2024-11-22";"435.0"
"2024-11-23";"90.0"
"2024-11-24";"98.0"
"2024-11-25";"582.0"
"2024-11-26";"475.0"
"2024-11-27";"501.0"
"2024-11-28";"461.0"
"2024-11-29";"446.0"
"2024-11-30";"85.0"
"2024-12-01";"119.0"
"2024-12-02";"610.0"
"2024-12-03";"471.0"
"2024-12-04";"563.0"
"2024-12-05";"438.0"
"2024-12-06";"479.0"
"2024-12-07";"139.0"
"2024-12-08";"97.0"
"2024-12-09";"537.0"
"2024-12-10";"489.0"
"2024-12-11";"445.0"
"2024-12-12";"339.0"
"2024-12-13";"369.0"
"2024-12-14";"95.0"
"2024-12-15";"88.0"
"2024-12-16";"533.0"
"2024-12-17";"527.0"
"2024-12-18";"587.0"
"2024-12-19";"542.0"
"2024-12-20";"460.0"
"2024-12-21";"113.0"
"2024-12-22";"126.0"
"2024-12-23";"196.0"
"2024-12-24";"112.0"
"2024-12-25";"98.0"
"2024-12-26";"131.0"
"2024-12-27";"130.0"
"2024-12-28";"128.0"
"2024-12-29";"127.0"
"2024-12-30";"204.0"
"2024-12-31";"114.0"
"2025-01-01";"93.0"
"2025-01-02";"154.0"
"2025-01-03";"111.0"
"2025-01-04";"57.0"
"2025-01-05";"103.0"
"2025-01-06";"522.0"
"2025-01-07";"358.0"
"2025-01-08";"483.0"
"2025-01-09";"372.0"
"2025-01-10";"469.0"
"2025-01-11";"163.0"
"2025-01-12";"109.0"
"2025-01-13";"558.0"
"2025-01-14";"477.0"
"2025-01-15";"521.0"
"2025-01-16";"396.0"
"2025-01-17";"474.0"
"2025-01-18";"123.0"
"2025-01-19";"118.0"
"2025-01-20";"587.0"
"2025-01-21";"500.0"
"2025-01-22";"521.0"
"2025-01-23";"522.0"
"2025-01-24";"528.0"
"2025-01-25";"112.0"
"2025-01-26";"101.0"
"2025-01-27";"560.0"
"2025-01-28";"488.0"
"2025-01-29";"489.0"
"2025-01-30";"512.0"
"2025-01-31";"478.0"
"2025-02-01";"114.0"
"2025-02-02";"89.0"
"2025-02-03";"466.0"
"2025-02-04";"440.0"
"2025-02-05";"560.0"
"2025-02-06";"562.0"
"2025-02-07";"493.0"
"2025-02-08";"127.0"
"2025-02-09";"156.0"
"2025-02-10";"555.0"
"2025-02-11";"604.0"
"2025-02-12";"579.0"
"2025-02-13";"529.0"
"2025-02-14";"501.0"
"2025-02-15";"118.0"
"2025-02-16";"128.0"
"2025-02-17";"651.0"
"2025-02-18";"654.0"
"2025-02-19";"524.0"
"2025-02-20";"598.0"
"2025-02-21";"492.0"
"2025-02-22";"98.0"
"2025-02-23";"126.0"
"2025-02-24";"699.0"
"2025-02-25";"565.0"
"2025-02-26";"569.0"
"2025-02-27";"556.0"
"2025-02-28";"581.0"
"2025-03-01";"109.0"
"2025-03-02";"99.0"
"2025-03-03";"118.0"
"2025-03-04";"123.0"
"2025-03-05";"382.0"
"2025-03-06";"555.0"
"2025-03-07";"532.0"
"2025-03-08";"138.0"
"2025-03-09";"101.0"
"2025-03-10";"603.0"
"2025-03-11";"514.0"
"2025-03-12";"546.0"
"2025-03-13";"511.0"
"2025-03-14";"511.0"
"2025-03-15";"127.0"
"2025-03-16";"148.0"
"2025-03-17";"589.0"
"2025-03-18";"624.0"
"2025-03-19";"536.0"
"2025-03-20";"503.0"
"2025-03-21";"432.0"
"2025-03-22";"187.0"
"2025-03-23";"117.0"
"2025-03-24";"542.0"
"2025-03-25";"524.0"
"2025-03-26";"550.0"
"2025-03-27";"543.0"
"2025-03-28";"583.0"
"2025-03-29";"139.0"
"2025-03-30";"143.0"
"2025-03-31";"691.0"
"2025-04-01";"561.0"
"2025-04-02";"464.0"
"2025-04-03";"571.0"
"2025-04-04";"566.0"
"2025-04-05";"111.0"
"2025-04-06";"127.0"
"2025-04-07";"524.0"
"2025-04-08";"551.0"
"2025-04-09";"482.0"
"2025-04-10";"446.0"
"2025-04-11";"521.0"
"2025-04-12";"119.0"
"2025-04-13";"134.0"
"2025-04-14";"524.0"
"2025-04-15";"522.0"
"2025-04-16";"510.0"
"2025-04-17";"125.0"
"2025-04-18";"110.0"
"2025-04-19";"130.0"
"2025-04-20";"80.0"
"2025-04-21";"112.0"
"2025-04-22";"573.0"
"2025-04-23";"571.0"
"2025-04-24";"571.0"
"2025-04-25";"541.0"
"2025-04-26";"102.0"
"2025-04-27";"103.0"
"2025-04-28";"648.0"
"2025-04-29";"474.0"
"2025-04-30";"505.0"
"2025-05-01";"162.0"
"2025-05-02";"407.0"
"2025-05-03";"133.0"
"2025-05-04";"87.0"
"2025-05-05";"540.0"
"2025-05-06";"633.0"
"2025-05-07";"502.0"
"2025-05-08";"518.0"
"2025-05-09";"466.0"
"2025-05-10";"134.0"
"2025-05-11";"112.0"
"2025-05-12";"594.0"
"2025-05-13";"522.0"
"2025-05-14";"538.0"
"2025-05-15";"527.0"
"2025-05-16";"518.0"
"2025-05-17";"86.0"
"2025-05-18";"74.0"
"2025-05-19";"630.0"
"2025-05-20";"664.0"
"2025-05-21";"513.0"
"2025-05-22";"500.0"
"2025-05-23";"476.0"
"2025-05-24";"103.0"
"2025-05-25";"138.0"
"2025-05-26";"543.0"
"2025-05-27";"549.0"
"2025-05-28";"537.0"
"2025-05-29";"443.0"
"2025-05-30";"413.0"
"2025-05-31";"109.0"
"2025-06-01";"86.0"
"2025-06-02";"428.0"
"2025-06-03";"462.0"
"2025-06-04";"510.0"
"2025-06-05";"415.0"
"2025-06-06";"458.0"
"2025-06-07";"129.0"
"2025-06-08";"122.0"
"2025-06-09";"595.0"
"2025-06-10";"533.0"
"2025-06-11";"427.0"
"2025-06-12";"383.0"
"2025-06-13";"450.0"
"2025-06-14";"125.0"
"2025-06-15";"96.0"
"2025-06-16";"517.0"
"2025-06-17";"535.0"
"2025-06-18";"516.0"
"2025-06-19";"146.0"
"2025-06-20";"159.0"
"2025-06-21";"98.0"
"2025-06-22";"74.0"
"2025-06-23";"548.0"
"2025-06-24";"467.0"
"2025-06-25";"394.0"
"2025-06-26";"427.0"
"2025-06-27";"433.0"
"2025-06-28";"84.0"
"2025-06-29";"99.0"
"2025-06-30";"425.0"
"2025-07-01";"506.0"
"2025-07-02";"407.0"
"2025-07-03";"404.0"
"2025-07-04";"491.0"
"2025-07-05";"101.0"
"2025-07-06";"99.0"
"2025-07-07";"550.0"
"2025-07-08";"351.0"
"2025-07-09";"587.0"
"2025-07-10";"444.0"
"2025-07-11";"552.0"
"2025-07-12";"124.0"
"2025-07-13";"170.0"
"2025-07-14";"546.0"
"2025-07-15";"445.0"
"2025-07-16";"465.0"
"2025-07-17";"504.0"
"2025-07-18";"446.0"
"2025-07-19";"154.0"
"2025-07-20";"94.0"
"2025-07-21";"503.0"
"2025-07-22";"394.0"
"2025-07-23";"396.0"
"2025-07-24";"425.0"
"2025-07-25";"427.0"
"2025-07-26";"99.0"
"2025-07-27";"73.0"
"2025-07-28";"465.0"
"2025-07-29";"444.0"
"2025-07-30";"514.0"
"2025-07-31";"426.0"
"2025-08-01";"363.0"
"2025-08-02";"112.0"
"2025-08-03";"101.0"
"2025-08-04";"501.0"
"2025-08-05";"477.0"
"2025-08-06";"499.0"
"2025-08-07";"463.0"
"2025-08-08";"472.0"
"2025-08-09";"123.0"
"2025-08-10";"93.0"
"2025-08-11";"7.0"
